SET FOREIGN_KEY_CHECKS = 0;

DROP TABLE IF EXISTS Prerequisites;
DROP TABLE IF EXISTS CatalogCourses;
DROP TABLE IF EXISTS Courses;
DROP TABLE IF EXISTS Catalogs;

SET FOREIGN_KEY_CHECKS = 1;

CREATE TABLE Courses (
    course_name VARCHAR(255) PRIMARY KEY,
    description TEXT NOT NULL,
    type VARCHAR(255) CHECK (type IN ('Core', 'Mathematics and Statistics', 'Capstone', 'Conc Required', 'Conc Elective', 'Conc Tech Elective')) NOT NULL 
);
START TRANSACTION;

CREATE TABLE Prerequisites (
    course_name VARCHAR(255) NOT NULL,
    prerequisite_name VARCHAR(255) NOT NULL,
    PRIMARY KEY (course_name, prerequisite_name),
    FOREIGN KEY (course_name) REFERENCES Courses(course_name),
    FOREIGN KEY (prerequisite_name) REFERENCES Courses(course_name),
    ALTER TABLE Prerequisites ADD COLUMN group_id INT
); 
START TRANSACTION;

CREATE TABLE PrerequisiteGroups (
    group_id INT PRIMARY KEY,
    logic_type ENUM('AND', 'OR') NOT NULL,
);
START TRANSACTION;

CREATE TABLE Catalogs (
    catalog_id INT PRIMARY KEY,
    catalog_name VARCHAR(255) NOT NULL,
    description TEXT
);
START TRANSACTION;

CREATE TABLE CatalogCourses (
    catalog_id INT,
    course_name VARCHAR(255),
    PRIMARY KEY (catalog_id, course_name),
    FOREIGN KEY (catalog_id) REFERENCES Catalogs(catalog_id),
    FOREIGN KEY (course_name) REFERENCES Courses(course_name)
);
START TRANSACTION;

CREATE TABLE UserPlans (
    user_id INT,
    course_name VARCHAR(255),
    semester VARCHAR(255),
    PRIMARY KEY (user_id, course_name, semester),
    FOREIGN KEY (course_name) REFERENCES Courses(course_name)
);


TRUNCATE TABLE Courses;
INSERT INTO Courses (course_name, description, type) VALUES
    ('MATH 1241', 'Calculus I', 'Mathematics and Statistics'),
    ('MATH 1242', 'Calculus II', 'Mathematics and Statistics'),
    ('MATH 2164', 'Matricies and Linear Algebra', 'Mathematics and Statistics'),
    ('MATH 2165', 'Introduction to Discrete Structures', 'Mathematics and Statistics'),
    ('STAT 1220', 'Elements of Statistics', 'Mathematics and Statistics'),
    ('STAT 2122', 'Introduction to Probability and Statistics', 'Mathematics and Statistics'),
    ('STAT 2223', 'Elements of Statistics II', 'Mathematics and Statistics'),
    ('ITSC 1212', 'Introduction to Computer Science', 'Core'),
    ('ITSC 1213', 'Introduction to Computer Science II', 'Core'),
    ('ITSC 2214', 'Data Structures and Algorithms', 'Core'),
    ('ITSC 1110', 'Introduction to Computer Science Principles', 'Core'),
    ('ITSC 1200', 'Freshman Seminar', 'Core'),
    ('ITSC 1501', 'Global Social Science: Interconnected World of Technology', 'Core'),
    ('ITSC 1600', 'Computing Professionals', 'Core'),
    ('ITSC 2175', 'Logic and Algorithms', 'Core'),
    ('ITSC 2181', 'Introduction to Computer Systems', 'Core'),
    ('ITSC 2600', 'Computer Science Program, Identity, Career', 'Core'),
    ('ITSC 3146', 'Intro Operating Systems & Networking', 'Core'),
    ('ITSC 3155', 'Software Engineering', 'Core'),
    ('ITSC 3688', 'Computers and their Impact on Society', 'Core'),
    ('ITSC 3790', 'Honors Research', 'Core'),
    ('ITSC 3990', 'Undergraduate Research', 'Core'),
    ('ITCS 4238', 'Intellegent and Interactive System Studio', 'Capstone'),
    ('ITIS 4390', 'Interation Design Projects', 'Capstone'),
    ('ITIS 4246', 'Competitive Cyber Defense', 'Capstone'),
    ('ITSC 4155', 'Software Development Projects', 'Capstone'),
    ('ITSC 4681', 'Senior Design I', 'Captsone'),
    ('ITSC 4682', 'Senior Design II', 'Captsone'),
    ('ITSC 4750', 'Honors Thesis', 'Captsone'),
    ('ITSC 4850', 'Senior Project I', 'Captsone'),
    ('ITSC 4851', 'Senior Project II', 'Captsone'),
    ('ITSC 4990', 'Undergraduate Research', 'Captstone'),
    ('ITSC 4991', 'Undergraduate Thesis', 'Capstone'),
    ('ITCS 3050', 'Topics in Computer Science', 'Core'),
    ('ITCS 3112', 'Design and Implementation of Object-Oriented Systems', 'Conc Elective'),
    ('ITCS 3120', 'Intro to Interactive Computer Graphics', 'Conc Elective'),
    ('ITCS 3143', 'Operating Systems', 'Conc Elective'),
    ('ITCS 3153', 'Intro to Artificial Intelligence', 'Conc Required'),
    ('ITCS 3156', 'Intro to Machine Learning', 'Conc Required'),
    ('ITCS 3160', 'Database Design and Implementation', 'Core'),
    ('ITCS 3162', 'Intro to Data Mining', 'Conc Required'),
    ('ITCS 3166', 'Intro to Computer Networks', 'Conc Elective'),
    ('ITCS 3190', 'Cloud Computing for Data Analysis', 'Conc Elective'),
    ('ITCS 3216', 'Intro to Cognitive Science', 'Conc Elective'),
    ('ITCS 4010', 'Topics in Computer Science', 'Core'),
    ('ITCS 4101', 'Introduction to Natural Language Processing', 'Conc Elective'),
    ('ITCS 4102', 'Programming Languages', 'Conc Elective'),
    ('ITCS 4114', 'Real World Algorithms', 'Conc Elective'),
    ('ITCS 4121', 'Information Visualization', 'Conc Elective'),
    ('ITCS 4122', 'Visual Analytics', 'Core'),
    ('ITCS 4123', 'Vizualization and Visual Communication', 'Conc Elective'),
    ('ITCS 4124', 'Advanced 3D Computer Graphics', 'Conc Elective')
    ('ITCS 4141', 'Computer Systems and Architecture', 'Conc Elective'),
    ('ITCS 4145', 'Parallel Programming', 'Core'),
    ('ITCS 4150', 'Mobile Robotics', 'Conc Elective'),
    ('ITCS 4151', 'Intelligent Robotics', 'Conc Elective'),
    ('ITCS 4152', 'Intro to Computer Vision', 'Conc Elective'),
    ('ITCS 4180', 'Mobile Application Development', 'Core'),
    ('ITCS 4230', 'Intro to Game Design and Development', 'Conc Elective'),
    ('ITCS 4231', 'Advanced Game Design and Development', 'Conc Elective'),
    ('ITCS 4232', 'Game Design and Development Studio', 'Capstone'),
    ('ITCS 4236', 'Artificial Intellegence for Computer Games', 'Conc Elective'),
    ('ITIS 3130', 'Intro to Human-Centered Computing', 'Core'),
    ('ITIS 3135', 'Web-based Application Design and Development', 'Core'),
    ('ITIS 3140', 'User Experience Methods', 'Core'),
    ('ITIS 3200', 'Intro to Info Security & Privacy', 'Core'),
    ('ITIS 3216', 'Intro to Cognitive Science', 'Conc Elective'),
    ('ITIS 3246', 'IT Infrastructure and SEC', 'Conc Required'),
    ('ITIS 3300', 'Software Req and Project Management', 'Core'),
    ('ITIS 3310', 'Software Architecture and Design', 'Conc Required'),
    ('ITIS 3320', 'Intro to Info Security & Privacy', 'Conc Elective'),
    ('ITIS 4010', 'Topics in Software & Info Sys', 'Core'),
    ('ITIS 4166', 'Network-Based App Development', 'Conc Required'),
    ('ITIS 4180', 'Mobile Application Development', 'Conc Elective'),
    ('ITIS 4214', 'Usable Security and Privacy', 'Conc Required'),
    ('ITIS 4221', 'Secure Programming and Penetration Testing', 'Conc Required'),
    ('ITIS 4246', 'Competitive Cyber Defense', 'Capstone'),
    ('ITIS 4250', 'Computer Forensics', 'Conc Required'),
    ('ITIS 4260', 'Intro to Security Analysis', 'Conc Required'),
    ('ITIS 4261', 'Intro to Secured Cloud Computing', 'Conc Required'),
    ('ITIS 4310', 'Web Mining', 'Conc Elective'),
    ('ITIS 4350', 'Design Prototyping', 'Core'),
    ('ITIS 4353', 'Social Design Technology', 'Conc Elective'), 
    ('ITIS 4355', 'Accessible Design and Implementation', 'Conc Elective'),
    ('ITIS 4358', 'Physical Computing', 'Conc Elective'),  
    ('ITIS 4360', 'Human-Centered Artificial Intelligence', 'Conc Elective'),
    ('ITIS 4390', 'Interaction Design Projects', 'Capstone'),
    ('BINF 1101', 'Intro to Bioinformatics and Genomics', 'Conc Required'),
    ('BINF 2111', 'Intro to Bioinformatics Computing', 'Conc Required'),
    ('BINF 3101', 'Sequence Analysis', 'Conc Required'),
    ('BINF 3121', 'Statistics for Bioinformatics', 'Core'),
    ('BINF 3131', 'Bioinformatics Algorithms', 'Conc Elective'),
    ('BINF 3201', 'Genomic Methods', 'Conc Elective'),    
    ('BINF 4211', 'Applied Data Mining for Bioinformatics', 'Conc Elective'),
    ('BINF 4171', 'Business of Biotechnology', 'Conc Elective'),
    ('BINF 4191', 'Life Sciences and the Law', 'Conc Elective'),
    ('BINF 4600', 'Bioinformatics and Genomics Seminar', 'Conc Required'),
    ('BINF 4650', 'Senior Project', 'Capstone'),
    ('BINF 4900', 'Principles of Team Science', 'Capstone'),
    ('BIOL 2120', 'General Biology I', 'Core'),
    ('BIOL 2130', 'General Biology II', 'Core'),
    ('BIOL 3111', 'Cell Biology', 'Conc Required'),
    ('BIOL 3166', 'Genetics', 'Conc Required'),
    ('CHEM 1251', 'General Chemistry I', 'Core'),
    ('CHEM 1251L', 'General Chemistry I Lab', 'Core'),
    ('CHEM 1252', 'General Chemistry II', 'Core'),
    ('CHEM 1252L', 'General Chemistry II Lab', 'Core');

INSERT INTO Catalogs (catalog_id, catalog_name) VALUES 
    (1, 'Bioinformatics BA'),
    (2, 'Bioinformatics BS'),
    (3, 'AI Robotics and Gaming BS'),
    (4, 'Data Science BS'),
    (5, 'Systems and Networks BS'),
    (6, 'Cybersecurity BS'),
    (7, 'Human-Computer Interaction BA'),
    (8, 'Information Technology BA'),
    (9, 'Web/Mobile Dev & Software Engr BS');

INSERT INTO PrerequisiteGroups (group_id, logic_type) VALUES 
    (1, 'AND'),
    (2, 'OR');
INSERT INTO Prerequisites (course_name, prerequisite_name, group_id) VALUES
    ('MATH 1241', 'MATH 1103', NULL),
    ('MATH 1242', 'MATH 1241', NULL),
    ('MATH 2164', 'MATH 1120', 2),
    ('MATH 2164', 'MATH 1241', 2),
    ('MATH 2165', 'ITSC 1212', 1),
    ('MATH 2165', 'MATH 1241', 1),
    ('STAT 1221', 'MATH 1100', 2),
    ('STAT 1221', 'MATH 1101', 2),
    ('STAT 1221', 'MATH 1103', 2),    
    ('STAT 2122', 'MATH 1242', 2),
    ('STAT 2122', 'MATH 2120', 2),
    ('STAT 2223', 'STAT 1220', 2),
    ('STAT 2223', 'STAT 1221', 2),
    ('STAT 2223', 'STAT 1222', 2),
    ('STAT 2223', 'STAT 2122', 2),
    ('ITSC 1213', 'ITSC 1212', NULL ),
    ('ITSC 2175', 'ITSC 1212', 1),
    ('ITSC 2175', 'MATH 1120', 2),
    ('ITSC 2175', 'MATH 1241', 2),
    ('ITSC 2181', 'ITSC 1212', NULL),
    ('ITSC 2214', 'ITSC 1213', NULL),
    ('ITSC 3146', 'ITSC 2214', 1),
    ('ITSC 3146', 'ITSC 2181', 1),
    ('ITSC 3155', 'ITSC 2214', NULL),
    ('ITSC 4155', 'ITSC 2214', 1),
    ('ITSC 4155', 'ITSC 3155', 1),
    ('ITSC 4851', 'ITSC 4850', NULL),
    ('BINF 2111', 'BINF 1101', NULL),
    ('BINF 3121', 'BINF 2111', 1),
    ('BINF 3121', 'MATH 1103', 2),
    ('BINF 3121', 'MATH 1120', 2),
    ('BINF 3121', 'MATH 1121', 2),
    ('BINF 3121', 'MATH 1241', 2),
    ('BINF 3121', 'STAT 1220', 2),
    ('BINF 3121', 'STAT 1221', 2),
    ('BINF 3121', 'STAT 2122', 2),
    ('BINF 3201', 'BIOL 1110', 1),
    ('BINF 3201', 'BIOL 1110L', 1),
    ('BINF 3201', 'BIOL 2120', 2),
    ('BINF 3201', 'BINF 1101', 1),
    ('BINF 3900', 'BINF 1101', NULL),
    ('BINF 4600', 'BINF 3101', NULL),
    ('ITCS 3050', 'ITSC 1212', NULL),
    ('ITCS 3112', 'ITSC 2214', NULL),
    ('ITCS 3120', 'ITSC 2214', 1),
    ('ITCS 3120', 'MATH 2164', 1),    
    ('ITCS 3153', 'MATH 2164', 1),
    ('ITCS 3153', 'ITSC 2214', 1),
    ('ITCS 3156', 'MATH 2164', 1),
    ('ITCS 3156', 'ITSC 2214', 1),
    ('ITCS 3160', 'ITSC 1213', NULL),
    ('ITCS 3162', 'ITSC 2214', NULL),
    ('ITCS 3166', 'ITSC 1213', NULL),
    ('ITCS 3190', 'ITSC 2214'), NULL,
    ('ITCS 3216', 'PSYCH 1101', NULL),
    ('ITCS 4010', 'ITSC 2214', NULL),
    ('ITCS 4102', 'ITSC 2214', NULL),
    ('ITCS 4114', 'ITSC 2214', 1),
    ('ITCS 4114', 'ITSC 2175', 1),
    ('ITCS 4122', 'STAT 1220', 2),
    ('ITCS 4122', 'STAT 1221', 2),
    ('ITCS 4122', 'STAT 2122', 2),
    ('ITCS 4122', 'STAT 2223', 2),
    ('ITCS 4141', 'ITSC 3146', NULL),
    ('ITCS 4145', 'ITSC 3146', NULL),
    ('ITCS 4151', 'ITSC 2214', 1),
    ('ITCS 4151', 'MATH 2164', 1),
    ('ITCS 4152', 'ITSC 3156', NULL),
    ('ITCS 4180', 'ITSC 2214', NULL),
    ('ITCS 4230', 'ITSC 2214', NULL),
    ('ITCS 4231', 'ITCS 4230', NULL),
    ('ITCS 4232', 'ITSC 3155', 1),
    ('ITCS 4232', 'ITCS 4231', 1),
    ('ITIS 3135', 'ITSC 2214', NULL),
    ('ITIS 3200', 'ITSC 2214', NULL),
    ('ITIS 3216', 'PSYCH 1101', NULL),
    ('ITIS 3246', 'ITSC 3146', NULL),
    ('ITIS 3300', 'ITIS 2300', 2),
    ('ITIS 3300', 'ITIS 3135', 2),
    ('ITIS 3310', 'ITSC 2214', NULL),
    ('ITIS 3320', 'ITIS 3200', 1),
    ('ITIS 3320', 'ITIS 3300', 1),
    ('ITIS 4166', 'ITIS 2300', 2),
    ('ITIS 4166', 'ITCS 3135', 2),
    ('ITIS 4166', 'ITCS 3160', 1),
    ('ITIS 4180', 'ITSC 2214', NULL),
    ('ITIS 4221', 'ITIS 3135', 2),
    ('ITIS 4221', 'ITIS 2300', 2),
    ('ITIS 4246', 'ITIS 3200', 1),
    ('ITIS 4246', 'ITIS 3246', 1),
    ('ITIS 4250', 'ITIS 2300', 2),
    ('ITIS 4250', 'ITIS 3150', 2),
    ('ITIS 4260', 'ITIS 3200', 1),
    ('ITIS 4260', 'ITSC 3146', 1),
    ('ITIS 4260', 'STAT 1220', 2),
    ('ITIS 4260', 'STAT 1221', 2),
    ('ITIS 4260', 'STAT 1222', 2),
    ('ITIS 4260', 'STAT 2122', 2),
    ('ITIS 4261', 'ITSC 3146', NULL);

INSERT INTO CatalogCourses (catalog_id, course_name) VALUES 
    (1, 'ITSC 1212'),
    (1, 'ITSC 1213'),
    (1, 'ITSC 2214'),
    (1, 'ITSC 1600'),
    (1, 'ITSC 2600'),
    (1, 'ITSC 2175'),
    (1, 'MATH 2165'),
    (1, 'ITSC 3688'),
    (1, 'BINF 3121'),
    (1, 'BIOL 2120'),
    (1, 'BIOL 2130'),
    (1, 'CHEM 1251'),
    (1, 'CHEM 1251L'),
    (1, 'CHEM 1252'),
    (1, 'CHEM 1252L'),
    (1, 'BINF 4650'),
    (1, 'BINF 4900'),
    (1, 'ITSC 4681'),
    (1, 'ITSC 4682'),
    (1, 'ITSC 4750'),
    (1, 'ITSC 4850'),
    (1, 'ITSC 4851'),
    (1, 'ITSC 4990'),
    (1, 'ITSC 4991'),
    (1, 'ITCS 4232'),
    (1, 'ITIS 4350'),
    (1, 'ITIS 4246'),
    (1, 'BINF 1101'),
    (1, 'BINF 2111'),
    (1, 'BINF 3101'),
    (1, 'BINF 4600'),
    (1, 'BIOL 3111'),
    (1, 'BIOL 3166'),
    (1, 'BINF 4211'),
    (1, 'BINF 4171'),
    (1, 'BINF 4191'),
    (1, 'BINF 3131'),
    (1, 'BINF 3201'),
    (2, 'ITSC 1212'),
    (2, 'ITSC 1213'),
    (2, 'ITSC 2214'),
    (2, 'ITSC 1600'),
    (2, 'ITSC 2600'),
    (2, 'ITSC 2175'),
    (2, 'MATH 2165'),
    (2, 'ITSC 3688'),
    (2, 'ITSC 3155'),
    (2, 'MATH 1241'),
    (2, 'MATH 1242'),
    (2, 'MATH 2164'),
    (2, 'STAT 2122'),
    (2, 'ITSC 4155'),
    (2, 'ITSC 4681'),
    (2, 'ITSC 4682'),
    (2, 'ITSC 4850'),
    (2, 'ITSC 4851'),
    (2, 'ITSC 4990'),
    (2, 'ITSC 4991'),
    (2, 'ITSC 4155'),
    (2, 'BINF 4650'),
    (2, 'ITIS 4390'),
    (2, 'ITIS 4246'),
    (2, 'BINF 1101'),
    (2, 'BINF 2111'),
    (2, 'BINF 3101'),
    (2, 'BINF 4600'),
    (2, 'BINF 3121'),
    (2, 'BINF 4211'),
    (2, 'BINF 4171'),
    (2, 'BINF 4191'),
    (2, 'BINF 3131'),
    (2, 'BINF 3201'),
    (3, 'ITSC 1212'),
    (3, 'ITSC 1213'),
    (3, 'ITSC 1600'),
    (3, 'ITSC 2600'),
    (3, 'ITSC 2175'),
    (3, 'MATH 2165'),
    (3, 'ITSC 2181'),
    (3, 'ITSC 3146'),
    (3, 'ITSC 3155'),
    (3, 'ITSC 3688'),
    (3, 'MATH 1242'),
    (3, 'MATH 2164'),
    (3, 'STAT 2122'),
    (3, 'ITSC 4232'),
    (3, 'ITSC 4155'),
    (3, 'ITSC 4850'),
    (3, 'ITSC 4851'),
    (3, 'ITSC 4681'),
    (3, 'ITCS 4682'),
    (3, 'ITCS 4750'),
    (3, 'ITCS 4990'),
    (3, 'ITCS 4991'),
    (3, 'ITIS 4390'),
    (3, 'ITIS 4246'),
    (3, 'ITCS 3135'),
    (3, 'ITCS 3156'),
    (3, 'ITCS 3120'),
    (3, 'ITCS 3153'),
    (3, 'ITCS 4101'),
    (3, 'ITCS 4114'),
    (3, 'ITCS 4123'),
    (3, 'ITCS 4124'),
    (3, 'ITCS 4150'),
    (3, 'ITCS 4151'),
    (3, 'ITCS 4152'),
    (3, 'ITCS 3156'),
    (3, 'ITCS 4320'),
    (3, 'ITCS 4321'),
    (3, 'ITCS 4236'),
    (4, 'ITSC 1212'),
    (4, 'ITSC 1213'),
    (4, 'ITSC 1600'),
    (4, 'ITSC 2600'),
    (4, 'ITSC 2175'),
    (4, 'MATH 2165'),
    (4, 'ITSC 2214'),
    (4, 'ITSC 2181'),
    (4, 'ITSC 3146'),
    (4, 'ITSC 3155'),
    (4, 'ITSC 3688'),
    (4, 'MATH 1241'),
    (4, 'MATH 1242'),
    (4, 'MATH 2164'),
    (4, 'STAT 2122'),
    (4, 'ITSC 4155'),
    (4, 'ITSC 4850'),
    (4, 'ITSC 4851'),
    (4, 'ITSC 4681'),
    (4, 'ITCS 4682'),
    (4, 'ITCS 4750'),
    (4, 'ITCS 4990'),
    (4, 'ITCS 4991'),
    (4, 'ITCS 4232'),
    (4, 'ITIS 4390'),
    (4, 'ITIS 4246'),
    (4, 'ITSC 3160'),
    (4, 'ITCS 3162'),
    (4, 'ITCS 3190'),
    (4, 'ITCS 3216'),
    (4, 'ITCS 4114'),
    (4, 'ITCS 4122'),
    (4, 'ITCS 4152'),
    (4, 'ITCS 3156'),
    (4, 'INFO 3236'),
    (4, 'ITIS 4310'),
    (5, 'ITSC 1212'),
    (5, 'ITSC 1213'),
    (5, 'ITSC 1600'),
    (5, 'ITSC 2600'),
    (5, 'ITSC 2175'),
    (5, 'MATH 2165'),
    (5, 'ITSC 2214'),
    (5, 'ITSC 2181'),
    (5, 'ITSC 3146'),
    (5, 'ITSC 3155'),
    (5, 'ITSC 3688'),
    (5, 'MATH 1241'),
    (5, 'MATH 1242'),
    (5, 'MATH 2164'),
    (5, 'STAT 2122'),
    (5, 'ITSC 4155'),
    (5, 'ITSC 4850'),
    (5, 'ITSC 4851'),
    (5, 'ITSC 4681'),
    (5, 'ITCS 4682'),
    (5, 'ITCS 4750'),
    (5, 'ITCS 4990'),
    (5, 'ITCS 4991'),
    (5, 'ITCS 4232'),
    (5, 'ITIS 4390'),
    (5, 'ITIS 4246'),
    (5, 'ITCS 3145'),
    (5, 'ITSC 3160'),
    (5, 'ITCS 3166'),
    (5, 'ITCS 3143'),
    (5, 'ITCS 3190'),
    (5, 'ITCS 4102'),
    (5, 'ITCS 4141'),
    (5, 'ITCS 4145'),
    (5, 'ITIS 3200'),
    (5, 'ITIS 3246'),
    (5, 'ITIS 4166'),
    (6, 'ITSC 1212'),
    (6, 'ITSC 1213'),
    (6, 'ITSC 1600'),
    (6, 'ITSC 2600'),
    (6, 'ITSC 2175'),
    (6, 'MATH 2165'),
    (6, 'ITSC 2214'),
    (6, 'ITSC 2181'),
    (6, 'ITSC 3146'),
    (6, 'ITSC 3155'),
    (6, 'ITSC 3688'),
    (6, 'MATH 1241'),
    (6, 'MATH 1242'),
    (6, 'MATH 2164'),
    (6, 'STAT 2122'),
    (6, 'ITSC 4155'),
    (6, 'ITSC 4850'),
    (6, 'ITSC 4851'),
    (6, 'ITSC 4681'),
    (6, 'ITCS 4682'),
    (6, 'ITCS 4750'),
    (6, 'ITCS 4990'),
    (6, 'ITCS 4991'),
    (6, 'ITCS 4232'),
    (6, 'ITIS 4390'),
    (6, 'ITIS 4246'),
    (6, 'ITSC 3160'),
    (6, 'ITSC 3135'),
    (6, 'ITIS 3200'),
    (6, 'ITIS 3246'),
    (6, 'ITIS 4166'),
    (6, 'ITIS 4221'),
    (6, 'ITIS 4250'),
    (6, 'ITIS 4260'),
    (6, 'ITIS 4214'),
    (6, 'ITIS 4261'),
    (7, 'ITSC 1212'),
    (7, 'ITSC 1213'),
    (7, 'ITSC 1600'),
    (7, 'ITSC 2600'),
    (7, 'ITSC 2175'),
    (7, 'MATH 2165'),
    (7, 'ITSC 2214'),
    (7, 'ITSC 3688'),
    (7, 'MATH 1241'),
    (7, 'MATH 1242'),
    (7, 'STAT 1220'),
    (7, 'STAT 2223'),
    (7, 'ITSC 4155'),
    (7, 'ITSC 4750')
    (7, 'ITSC 4850'),
    (7, 'ITSC 4851'),
    (7, 'ITSC 4681'),
    (7, 'ITCS 4682'),
    (7, 'ITCS 4990'),
    (7, 'ITCS 4991'),
    (7, 'ITIS 4390'),
    (7, 'ITIS 4246'),
    (7, 'ITCS 4232'),
    (7, 'ITIS 3130'),
    (7, 'ITIS 3135'),
    (7, 'ITIS 4350'),
    (7, 'ITIS 3216'),
    (7, 'ITIS 4214'),
    (7, 'ITIS 4353'),
    (7, 'ITIS 4358'),
    (7, 'ITIS 4360'),
    (8, 'ITSC 1212'),
    (8, 'ITSC 1213'), 
    (8, 'ITSC 1600'),
    (8, 'ITSC 2600'),
    (8, 'ITSC 2175'),
    (8, 'MATH 2165'),
    (8, 'ITSC 2214'),
    (8, 'ITSC 3688'),
    (8, 'MATH 1241'),
    (8, 'STAT 1220'),
    (8, 'STAT 2223'),
    (8, 'ITSC 4155'),
    (8, 'ITSC 4750'),
    (8, 'ITSC 4850'),
    (8, 'ITSC 4851'),
    (8, 'ITSC 4681'),
    (8, 'ITCS 4682'),
    (8, 'ITCS 4990'),
    (8, 'ITCS 4991'),
    (8, 'ITIS 4390'),
    (8, 'ITIS 4246'), 
    (8, 'ITCS 4232'),
    (8, 'ITIS 3130'),
    (8, 'ITIS 3135'),
    (8, 'ITIS 3200'),
    (8, 'ITIS 3300'),
    (8, 'ITSC 3160'),
    (9, 'ITSC 1212'),
    (9, 'ITSC 1213'),
    (9, 'ITSC 1600'),
    (9, 'ITSC 2600'),
    (9, 'ITSC 2175'),
    (9, 'MATH 2165'),
    (9, 'ITSC 2214'),
    (9, 'ITSC 2181'),
    (9, 'ITSC 3146'),
    (9, 'ITSC 3155'),
    (9, 'ITSC 3688'),
    (9, 'MATH 1241'),
    (9, 'MATH 1242'),
    (9, 'STAT 2122'),
    (9, 'ITSC 4155'),
    (9, 'ITSC 4750'),
    (9, 'ITSC 4850'),
    (9, 'ITSC 4851'),
    (9, 'ITSC 4681'),
    (9, 'ITCS 4682'),
    (9, 'ITCS 4990'),
    (9, 'ITCS 4991'),
    (9, 'ITIS 4390'), 
    (9, 'ITIS 4246'), 
    (9, 'ITCS 4232'), 
    (9, 'ITIS 3135'),
    (9, 'ITIS 3310'),
    (9, 'ITSC 3160'),
    (9, 'ITIS 4221'),
    (9, 'ITIS 3112'),
    (9, 'ITIS 3130'),
    (9, 'ITIS 3300'),
    (9, 'ITIS 3320'),
    (9, 'ITIS 4166'),
    (9, 'ITIS 4180'),
    (9, 'ITIS 4340'),
    (9, 'ITIS 4350');
commit;